fate,n_samples,mean_delta,median_delta,positive_samples,p_wilcox,p_adj_BH
ECM-remodeling VSMC,7,-0.001010315978966362,-0.002145821459078101,3,0.6726038174415166,0.6726038174415166
contractile VSMC,7,-0.009108503292560816,-0.004964922264900584,3,0.20489389381637854,0.5875702291661883
inflammatory VSMC,7,0.014021903905499645,0.006827106753378498,4,0.35254213749971297,0.5875702291661883
metabolic-stress VSMC,7,7.713097281526808e-4,0.004238408997406157,4,0.6726038174415166,0.6726038174415166
synthetic VSMC,7,-0.00467439436212518,-0.008271077040161112,2,0.35254213749971297,0.5875702291661883
