module,spearman_rho,spearman_p
AMPK_SIRT1_score,-0.7587386770372301,2.711949116828461e-5
Inflammation_score,0.6075215281172227,0.002107468020990248
ECM_score,0.7162917580421403,1.2090731228043343e-4
