dataset,signature,n,rho,p_value,p_adj
GSE122897,AMPK_SIRT1,58,-0.222267663606828,0.093554233987339,0.093554233987339
GSE122897,Contractile,58,-0.353044134408902,0.00656162756956268,0.0131232551391254
GSE122897,ECM_Remodeling,58,0.424974464397337,0.000883541554495431,0.00353416621798172
GSE122897,Inflammatory,58,0.259524892282056,0.0491476961091041,0.0655302614788054
GSE15629,AMPK_SIRT1,19,-0.269601946445709,0.264330582699275,0.264330582699275
GSE15629,Contractile,19,-0.301429954012216,0.20979726140385,0.264330582699275
GSE15629,ECM_Remodeling,19,0.427805866408642,0.067676116259455,0.13535223251891
GSE15629,Inflammatory,19,0.504567531716101,0.0275850511147839,0.110340204459135
